id,x,y
Accountant1,0.78560996,0.7505252
Accountant2,0.82536066,0.7511117
Accountant3,0.8017955,0.75696254
Accountant4,0.68958783,0.71624863
Accountant5,0.7469557,0.60455
Accountant6,0.8196261,0.7411478
Accountant7,0.8068407,0.7513214
Accountant8,0.71255994,0.6965618
Accountant9,0.7365489,0.6795801
Accountant10,0.81673354,0.7470133
Accountant11,0.68722004,0.7271171
Accountant12,0.7972027,0.763733
Accountant13,0.6666687,0.7397929
Accountant14,0.6724172,0.6810378
Accountant15,0.80700165,0.7529019
Accountant16,0.63364893,0.75477844
Accountant17,0.6459367,0.7281702
Accountant18,0.7937431,0.64145434
Accountant19,0.7931056,0.7565449
Accountant20,0.6618453,0.7365616
Accountant21,0.6737825,0.7492155
Accountant22,0.83604914,0.75532055
Accountant23,0.6614439,0.72054076
Accountant24,0.64631665,0.6661675
Accountant25,0.6861089,0.69042015
Accountant26,0.71811193,0.7796576
Accountant27,0.80926126,0.73105574
Accountant28,0.80759597,0.71321636
Accountant29,0.7215292,0.7361108
Accountant30,0.7824409,0.7532145
Accountant31,0.7941676,0.7444668
Accountant32,0.67362833,0.6712082
Accountant33,0.8311686,0.7755101
Accountant34,0.81764126,0.75017637
Accountant35,0.6400758,0.8850569
Accountant36,0.7942584,0.7501708
Accountant37,0.809773,0.7499228
Accountant38,0.7528301,0.7517772
Accountant39,0.6867584,0.7320116
Accountant40,0.86315644,0.79444164
Accountant41,0.83249587,0.74644643
Accountant42,0.66646785,0.73486054
Accountant43,0.7004153,0.8123696
Accountant44,0.80797964,0.7530011
Accountant45,0.82028383,0.7517524
Accountant46,0.8196107,0.75842494
Accountant47,0.81379604,0.7523911
Accountant48,0.8101766,0.7432904
Accountant49,0.63906336,0.7484449
Accountant50,0.8037376,0.7574437
Accountant51,0.64131296,0.7202993
Accountant52,0.6478857,0.6958416
Accountant53,0.8244677,0.75116426
Accountant54,0.79573387,0.7528617
Accountant55,0.6042379,0.7895023
Accountant56,0.855005,0.74025947
Accountant57,0.8140772,0.75196993
Accountant58,0.8189274,0.7465277
Accountant59,0.6782625,0.7185618
Accountant60,0.77366024,0.7464747
Accountant61,0.7957501,0.73319304
Accountant62,0.83364725,0.79822
Accountant63,0.8306789,0.7854146
Accountant64,0.6601636,0.66252637
Accountant65,0.80531406,0.768051
Accountant66,0.8107317,0.74759644
Accountant67,0.85468847,0.74994826
Accountant68,0.7849194,0.74776596
Accountant69,0.793885,0.7682686
Accountant70,0.81474864,0.75710243
Accountant71,0.67086846,0.68816376
Accountant72,0.7145571,0.85300833
Accountant73,0.6625751,0.6868563
Accountant74,0.79019046,0.75223356
Accountant75,0.833335,0.7556298
Accountant76,0.828899,0.7517949
Accountant77,0.7638324,0.75360984
Accountant78,0.65040886,0.7308901
Accountant79,0.84387463,0.75030243
Accountant80,0.64180994,0.7253374
Accountant81,0.7984737,0.7667228
Accountant82,0.7653569,0.7210098
Accountant83,0.8354052,0.74744314
Accountant84,0.797467,0.7382139
Accountant85,0.7318349,0.7745456
Accountant86,0.8310429,0.7551411
Accountant87,0.80821365,0.76547015
Accountant88,0.7072257,0.74614704
Accountant89,0.80431217,0.74392897
Accountant90,0.34254137,0.613069
Accountant91,0.7885339,0.74450153
Accountant92,0.66501766,0.71676487
Accountant93,0.80893856,0.7556274
Accountant94,0.68963474,0.69358486
Accountant95,0.687893,0.7392775
Accountant96,0.82022697,0.7497497
Accountant97,0.7031374,0.7739755
Accountant98,0.71437496,0.68066245
Accountant99,0.65956426,0.71377486
Accountant100,0.7978148,0.7494719
cashier1,0.057032414,0.5117508
cashier2,0.06396621,0.4811628
cashier3,0.05610143,0.5171291
cashier4,0.0544814,0.5104967
cashier5,0.06346043,0.5164344
cashier6,0.05795279,0.52427536
cashier7,0.035377916,0.5481758
cashier8,0.05873842,0.50866824
cashier9,0.06663945,0.4683793
cashier10,0.0862235,0.56000453
cashier11,0.107497945,0.5089132
cashier12,0.05056039,0.51532996
cashier13,0.058014102,0.5121644
cashier14,0.06267214,0.50741416
cashier15,0.05046622,0.50537956
cashier16,0.06618153,0.51771516
cashier17,0.06384597,0.51239187
cashier18,0.05959312,0.5144073
cashier19,0.10383914,0.523338
cashier20,0.06147489,0.5111599
cashier21,0.036554243,0.57021207
cashier22,0.04639974,0.5498369
cashier23,0.03843209,0.46777043
cashier24,0.014779748,0.46486744
cashier25,0.059332367,0.51985276
cashier26,0.051947538,0.50607055
cashier27,0.053723853,0.5087638
cashier28,0.056334633,0.5106912
cashier29,0.060675085,0.5075913
cashier30,0.062062398,0.5197085
cashier31,0.096045,0.4609755
cashier32,0.03551166,0.53141767
cashier33,0.05244562,0.5106486
cashier34,0.09752184,0.54064316
cashier35,0.06090727,0.5057404
cashier36,0.053929213,0.5074309
cashier37,0.060720548,0.5052567
cashier38,0.02227743,0.5074433
cashier39,0.05799916,0.5040261
cashier40,0.015432133,0.5576168
cashier41,0.052376814,0.509089
cashier42,0.059327643,0.5008374
cashier43,0.0,0.5267462
cashier44,0.040415313,0.51000136
cashier45,0.053058296,0.5188428
cashier46,0.06212998,0.5179481
cashier47,0.04032708,0.5247345
cashier48,0.060927957,0.4952055
cashier49,0.06105651,0.5031737
cashier50,0.056598805,0.5203079
cashier51,0.055279654,0.5142372
cashier52,0.053832386,0.5062391
cashier53,0.05876104,0.50725394
cashier54,0.055361375,0.5150004
cashier55,0.039472595,0.47581893
cashier56,0.053017333,0.5100653
cashier57,0.060860213,0.5086791
cashier58,0.06042731,0.50437945
cashier59,0.033698622,0.5276241
cashier60,0.051093504,0.511874
cashier61,0.060657836,0.5230336
cashier62,0.066525795,0.51088953
cashier63,0.054848943,0.5186769
cashier64,0.01449436,0.49220192
cashier65,0.057631824,0.50996435
cashier66,0.05147565,0.5395208
cashier67,0.05886256,0.50787383
cashier68,0.059606582,0.5147202
cashier69,0.05914645,0.5329664
cashier70,0.06119003,0.5162985
cashier71,0.056339405,0.5012189
cashier72,0.05469977,0.5016476
cashier73,0.093239844,0.52024263
cashier74,0.047957458,0.514154
cashier75,0.050175074,0.5147272
cashier76,0.0605919,0.51269233
cashier77,0.034440145,0.850298
cashier78,0.041451883,0.53182936
cashier79,0.053894695,0.5063846
cashier80,0.06995709,0.5076928
cashier81,0.054407433,0.51405954
cashier82,0.05423714,0.5040631
cashier83,0.05284004,0.51482844
cashier84,0.06192309,0.51389796
cashier85,0.060816295,0.5108985
cashier86,0.061001986,0.5022205
cashier87,0.023485515,0.4719381
cashier88,0.058116347,0.5104951
cashier89,0.09310413,0.5204774
cashier90,0.05479595,0.50911874
cashier91,0.09939352,0.48399663
cashier92,0.05313057,0.51128
cashier93,0.056902666,0.50948083
cashier94,0.036065686,0.55218774
cashier95,0.06340662,0.50966203
cashier96,0.0,0.45865366
cashier97,0.048156258,0.50791955
cashier98,0.057575446,0.51587605
cashier99,0.05276504,0.49819452
cashier100,0.05818459,0.5101588
CEO1,0.47344968,0.95164305
CEO2,0.51662034,0.98411447
CEO3,0.5263262,1.0
CEO4,0.53892493,0.9666731
CEO5,0.48832208,0.9216027
CEO6,0.48070118,0.9500989
CEO7,0.5237717,0.99790573
CEO8,0.54657906,1.0
CEO9,0.53545517,1.0
CEO10,0.53648746,0.99820846
CEO11,0.549942,0.984592
CEO12,0.5347762,0.9801098
CEO13,0.5191525,1.0
CEO14,0.42823908,0.9245633
CEO15,0.5384226,0.9614253
CEO16,0.5033731,1.0
CEO17,0.60239667,1.0
CEO18,0.5331344,1.0
CEO19,0.545517,0.9862714
CEO20,0.541634,0.97948503
CEO21,0.5193518,1.0
CEO22,0.53811026,0.9932736
CEO23,0.5637125,1.0
CEO24,0.50414366,1.0
CEO25,0.54593784,0.99716604
CEO26,0.48839355,0.8953602
CEO27,0.54484826,0.9655162
CEO28,0.570605,0.9743576
CEO29,0.5028403,1.0
CEO30,0.5409616,1.0
CEO31,0.5529521,0.9869827
CEO32,0.52293324,0.9896744
CEO33,0.5349827,1.0
CEO34,0.58088493,1.0
CEO35,0.5206589,1.0
CEO36,0.5387988,0.9981044
CEO37,0.7790046,0.94631886
CEO38,0.54315525,0.98583704
CEO39,0.54902023,0.9954223
CEO40,0.46866116,0.9541046
CEO41,0.51891506,0.98936546
CEO42,0.5394855,0.9853189
CEO43,0.51512444,0.9714741
CEO44,0.552862,1.0
CEO45,0.55138016,0.9818564
CEO46,0.5272111,1.0
CEO47,0.45957202,0.9363917
CEO48,0.5004105,1.0
CEO49,0.52659476,1.0
CEO50,0.5279438,1.0
CEO51,0.4962044,1.0
CEO52,0.5485926,0.97370684
CEO53,0.50956184,0.98532516
CEO54,0.5276694,1.0
CEO55,0.4711364,0.9392805
CEO56,0.5156066,0.9671976
CEO57,0.5202823,0.98890734
CEO58,0.5258009,0.9907964
CEO59,0.5145403,1.0
CEO60,0.5366021,0.94990623
CEO61,0.5305947,0.98724675
CEO62,0.52715856,1.0
CEO63,0.54981726,0.95922244
CEO64,0.53714764,0.9763171
CEO65,0.5008891,0.9403637
CEO66,0.5656583,1.0
CEO67,0.56575596,1.0
CEO68,0.55114627,1.0
CEO69,0.53395677,0.99608487
CEO70,0.5345032,0.9579648
CEO71,0.52643317,1.0
CEO72,0.53446925,1.0
CEO73,0.5538914,0.9903865
CEO74,0.48827946,0.9600203
CEO75,0.51750284,1.0
CEO76,0.42192695,0.9379197
CEO77,0.53202206,0.9907316
CEO78,0.5533501,1.0
CEO79,0.5485331,1.0
CEO80,0.4760229,0.9259421
CEO81,0.53790647,0.9696579
CEO82,0.5193145,0.9999734
CEO83,0.47026956,0.91866964
CEO84,0.515758,1.0
CEO85,0.49353948,0.9503344
CEO86,0.51022524,1.0
CEO87,0.5558855,1.0
CEO88,0.5411647,0.977701
CEO89,0.5111404,0.9902264
CEO90,0.5935734,1.0
CEO91,0.5450187,1.0
CEO92,0.5298689,0.9917502
CEO93,0.5345268,0.9514456
CEO94,0.5386399,0.97374105
CEO95,0.50839585,1.0
CEO96,0.54599696,0.9665859
CEO97,0.4722382,0.96069384
CEO98,0.52572876,1.0
CEO99,0.53541297,1.0
CEO100,0.5460753,0.9908583
ChildCareWorker1,0.040243633,0.22034904
ChildCareWorker2,0.09698194,0.2770019
ChildCareWorker3,0.053652078,0.47123322
ChildCareWorker4,0.042102605,0.27835307
ChildCareWorker5,0.07294204,0.3192319
ChildCareWorker6,0.0,0.2677137
ChildCareWorker7,0.026199104,0.2852547
ChildCareWorker8,0.027638843,0.23456709
ChildCareWorker9,0.036023803,0.24488114
ChildCareWorker10,0.0,0.2029247
ChildCareWorker11,0.018117186,0.2981703
ChildCareWorker12,0.0,0.15493181
ChildCareWorker13,0.0024590567,0.21594796
ChildCareWorker14,3.965961e-06,0.2518702
ChildCareWorker15,0.016885964,0.18337025
ChildCareWorker16,0.0,0.3126845
ChildCareWorker17,0.0014620852,0.23607653
ChildCareWorker18,0.022326602,0.19928798
ChildCareWorker19,0.086869575,0.21382663
ChildCareWorker20,0.015107247,0.23470196
ChildCareWorker21,0.01853914,0.28068236
ChildCareWorker22,0.048009355,0.22740076
ChildCareWorker23,0.0,0.24367933
ChildCareWorker24,0.14115958,0.4221493
ChildCareWorker25,0.17972356,0.41025618
ChildCareWorker26,0.015747378,0.2636092
ChildCareWorker27,0.13079584,0.20123634
ChildCareWorker28,0.07002606,0.21716787
ChildCareWorker29,0.13340351,0.20728035
ChildCareWorker30,0.14919119,0.42272207
ChildCareWorker31,0.0068644327,0.26390573
ChildCareWorker32,0.09653935,0.22650926
ChildCareWorker33,0.016393475,0.24514803
ChildCareWorker34,0.01475534,0.24833034
ChildCareWorker35,0.020769559,0.24539162
ChildCareWorker36,0.0,0.18309188
ChildCareWorker37,0.062447533,0.21753196
ChildCareWorker38,0.0,0.21443497
ChildCareWorker39,0.013696655,0.2276574
ChildCareWorker40,0.008741493,0.23939611
ChildCareWorker41,0.057727605,0.21434517
ChildCareWorker42,0.03926159,0.25331092
ChildCareWorker43,0.09195434,0.22926544
ChildCareWorker44,0.10628447,0.39149198
ChildCareWorker45,0.10969528,0.21933782
ChildCareWorker46,0.011248012,0.23032871
ChildCareWorker47,0.02825671,0.348188
ChildCareWorker48,0.040724967,0.2705296
ChildCareWorker49,0.016550519,0.3111677
ChildCareWorker50,0.84225345,0.67651135
ChildCareWorker51,0.08113514,0.35811695
ChildCareWorker52,0.043599512,0.2257663
ChildCareWorker53,0.055759132,0.3474465
ChildCareWorker54,0.115544975,0.21784851
ChildCareWorker55,0.031414825,0.2520624
ChildCareWorker56,0.007947688,0.24822992
ChildCareWorker57,0.0,0.1982616
ChildCareWorker58,0.04259645,0.23721077
ChildCareWorker59,0.009047968,0.22029597
ChildCareWorker60,0.04910383,0.25106493
ChildCareWorker61,0.18478036,0.22743134
ChildCareWorker62,0.067479014,0.22216864
ChildCareWorker63,0.0,0.24186257
ChildCareWorker64,0.008932117,0.24587376
ChildCareWorker65,0.0,0.25311518
ChildCareWorker66,0.026853664,0.24905181
ChildCareWorker67,0.00024053712,0.2731101
ChildCareWorker68,0.03049656,0.33777395
ChildCareWorker69,0.0,0.22261745
ChildCareWorker70,0.0,0.2515049
ChildCareWorker71,0.018062854,0.23006126
ChildCareWorker72,0.03928895,0.23583531
ChildCareWorker73,0.0072089555,0.23665783
ChildCareWorker74,0.03593444,0.25483438
ChildCareWorker75,0.15612534,0.41790426
ChildCareWorker76,0.093744956,0.1825428
ChildCareWorker77,0.029592901,0.21660812
ChildCareWorker78,0.068407014,0.30316567
ChildCareWorker79,0.0,0.24039358
ChildCareWorker80,0.0,0.19896466
ChildCareWorker81,0.050005507,0.23293127
ChildCareWorker82,0.07257005,0.19319579
ChildCareWorker83,0.06279958,0.23257811
ChildCareWorker84,0.05316349,0.380288
ChildCareWorker85,0.024633145,0.26102793
ChildCareWorker86,0.04505554,0.24897094
ChildCareWorker87,0.005297266,0.24011265
ChildCareWorker88,0.030874116,0.2383058
ChildCareWorker89,0.05096211,0.30280107
ChildCareWorker90,0.16105238,0.1835737
ChildCareWorker91,0.035178103,0.24057859
ChildCareWorker92,0.0,0.28860068
ChildCareWorker93,0.028302014,0.30047518
ChildCareWorker94,0.018336216,0.23627326
ChildCareWorker95,0.03171,0.28000674
ChildCareWorker96,0.0,0.2561279
ChildCareWorker97,0.0,0.24909244
ChildCareWorker98,0.00529388,0.24622671
ChildCareWorker99,0.057352386,0.38316476
ChildCareWorker100,0.07314273,0.1945128
ComputerProgrammer1,0.8011666,0.5285334
ComputerProgrammer2,0.8149365,0.46994188
ComputerProgrammer3,0.8078414,0.5384016
ComputerProgrammer4,0.8046373,0.5152068
ComputerProgrammer5,0.8185998,0.5252482
ComputerProgrammer6,0.8611016,0.5355291
ComputerProgrammer7,0.8306759,0.51921254
ComputerProgrammer8,0.8449829,0.47884303
ComputerProgrammer9,0.83570105,0.5545509
ComputerProgrammer10,0.8110005,0.5223644
ComputerProgrammer11,0.72647625,0.5708379
ComputerProgrammer12,0.787997,0.5667413
ComputerProgrammer13,0.7385764,0.5186184
ComputerProgrammer14,0.8051534,0.5229671
ComputerProgrammer15,0.5445618,0.41709158
ComputerProgrammer16,0.82370204,0.5283495
ComputerProgrammer17,0.73972446,0.5096815
ComputerProgrammer18,0.7212469,0.49410313
ComputerProgrammer19,0.8190756,0.52063006
ComputerProgrammer20,0.82074606,0.51833665
ComputerProgrammer21,0.8075461,0.53185976
ComputerProgrammer22,0.7653343,0.48001355
ComputerProgrammer23,0.7925093,0.5749949
ComputerProgrammer24,0.81777036,0.545165
ComputerProgrammer25,0.8017916,0.4830362
ComputerProgrammer26,0.839975,0.5064672
ComputerProgrammer27,0.8212227,0.63136923
ComputerProgrammer28,0.77863055,0.5113538
ComputerProgrammer29,0.82780623,0.5312571
ComputerProgrammer30,0.831709,0.5756287
ComputerProgrammer31,0.7721489,0.5391229
ComputerProgrammer32,0.8331745,0.53490496
ComputerProgrammer33,0.76077455,0.50792
ComputerProgrammer34,0.85630983,0.544482
ComputerProgrammer35,0.8324051,0.5424937
ComputerProgrammer36,0.78805375,0.5542117
ComputerProgrammer37,0.8254817,0.5368115
ComputerProgrammer38,0.7930123,0.52182364
ComputerProgrammer39,0.7711455,0.51735073
ComputerProgrammer40,0.7640709,0.5079139
ComputerProgrammer41,0.7640812,0.51977634
ComputerProgrammer42,0.78250545,0.5238088
ComputerProgrammer43,0.8262196,0.58178467
ComputerProgrammer44,0.8285996,0.59166664
ComputerProgrammer45,0.8070223,0.567538
ComputerProgrammer46,0.7383853,0.53883135
ComputerProgrammer47,0.8608706,0.5202946
ComputerProgrammer48,0.767181,0.47425616
ComputerProgrammer49,0.77808267,0.51985407
ComputerProgrammer50,0.8216898,0.6091392
ComputerProgrammer51,0.77615786,0.4861513
ComputerProgrammer52,0.81697214,0.51174456
ComputerProgrammer53,0.73165464,0.49938926
ComputerProgrammer54,0.88217884,0.47577536
ComputerProgrammer55,0.82462317,0.5336658
ComputerProgrammer56,0.7652123,0.4659656
ComputerProgrammer57,0.8436408,0.5512926
ComputerProgrammer58,0.8192399,0.548873
ComputerProgrammer59,0.80951434,0.5269343
ComputerProgrammer60,0.8152571,0.53458786
ComputerProgrammer61,0.7968386,0.5163595
ComputerProgrammer62,0.77505976,0.52447104
ComputerProgrammer63,0.88138604,0.5618791
ComputerProgrammer64,0.8424652,0.55292875
ComputerProgrammer65,0.7669664,0.5133704
ComputerProgrammer66,0.81167245,0.5338083
ComputerProgrammer67,0.8152787,0.5506662
ComputerProgrammer68,0.7917942,0.5217341
ComputerProgrammer69,0.82161564,0.54024106
ComputerProgrammer70,0.82116556,0.52770126
ComputerProgrammer71,0.8337184,0.5875381
ComputerProgrammer72,0.7988908,0.51901567
ComputerProgrammer73,0.8118925,0.5290618
ComputerProgrammer74,0.83029675,0.5086591
ComputerProgrammer75,0.79407054,0.47502756
ComputerProgrammer76,0.79072326,0.4906829
ComputerProgrammer77,0.75548375,0.5428438
ComputerProgrammer78,0.856367,0.5556293
ComputerProgrammer79,0.7946734,0.50874436
ComputerProgrammer80,0.7226446,0.47047722
ComputerProgrammer81,0.83146924,0.5220759
ComputerProgrammer82,0.7667774,0.5323354
ComputerProgrammer83,0.8110804,0.53902996
ComputerProgrammer84,0.7757181,0.5098484
ComputerProgrammer85,0.75704306,0.47952744
ComputerProgrammer86,0.85094976,0.55300254
ComputerProgrammer87,0.8180759,0.48984778
ComputerProgrammer88,0.8246704,0.5014203
ComputerProgrammer89,0.7930305,0.5152906
ComputerProgrammer90,0.8329647,0.4798351
ComputerProgrammer91,0.79123616,0.53501165
ComputerProgrammer92,0.85335785,0.56880635
ComputerProgrammer93,0.8126636,0.5676843
ComputerProgrammer94,0.844612,0.55913
ComputerProgrammer95,0.7498141,0.51048523
ComputerProgrammer96,0.83010924,0.5589794
ComputerProgrammer97,0.8850725,0.5507351
ComputerProgrammer98,0.83147377,0.54297984
ComputerProgrammer99,0.7601483,0.525148
ComputerProgrammer100,0.75087565,0.50022435
Cook1,0.0033031937,0.8263077
Cook2,0.049067654,0.881489
Cook3,0.0,0.8577523
Cook4,0.018288575,0.83876747
Cook5,0.01686349,0.84197813
Cook6,0.014316344,0.84838563
Cook7,0.012673888,0.8426127
Cook8,0.010427445,0.83014834
Cook9,0.004314901,0.84017926
Cook10,0.011361768,0.84639144
Cook11,0.050973974,0.8484105
Cook12,0.012474365,0.8366201
Cook13,0.007880654,0.8539346
Cook14,0.016333647,0.8497991
Cook15,0.013529246,0.83521146
Cook16,0.003392025,0.83777624
Cook17,0.009494929,0.8472885
Cook18,0.008758646,0.8378324
Cook19,0.02115561,0.85236603
Cook20,0.0060832356,0.8434678
Cook21,0.016807644,0.83926845
Cook22,0.012755884,0.84529716
Cook23,0.0,0.88673955
Cook24,0.01314832,0.8395744
Cook25,0.01325669,0.83316386
Cook26,0.0,0.8529299
Cook27,0.0066324403,0.83850616
Cook28,0.012730669,0.8463133
Cook29,0.007950107,0.8445197
Cook30,0.0020315715,0.85113204
Cook31,0.0,0.80741304
Cook32,0.0,0.8331734
Cook33,0.018785015,0.8670156
Cook34,0.0028259242,0.83647555
Cook35,0.021635072,0.82843846
Cook36,0.016163127,0.8518666
Cook37,0.00034152402,0.8609901
Cook38,0.025565581,0.8508829
Cook39,0.020409606,0.84341943
Cook40,0.0,0.8585475
Cook41,0.012107014,0.83806926
Cook42,0.0,0.8564512
Cook43,0.008835709,0.8458947
Cook44,0.0045421533,0.83903396
Cook45,0.006476349,0.8409448
Cook46,0.017031899,0.83146256
Cook47,0.0,0.8336644
Cook48,0.015481272,0.8454773
Cook49,0.0,0.843708
Cook50,0.008062669,0.84388185
Cook51,0.014567038,0.8401361
Cook52,0.014879542,0.8453845
Cook53,0.010021434,0.84936863
Cook54,0.0,0.8497755
Cook55,0.025828239,0.84638613
Cook56,0.008562606,0.8358994
Cook57,0.008938566,0.8427381
Cook58,0.014766174,0.86932033
Cook59,0.010629258,0.84140515
Cook60,0.0064533274,0.83185416
Cook61,0.007539646,0.86328685
Cook62,0.012075963,0.83943945
Cook63,0.020483315,0.8440088
Cook64,0.061388396,0.81691056
Cook65,0.0036805726,0.8449277
Cook66,0.009527237,0.8398585
Cook67,0.018143946,0.8426395
Cook68,0.0056658424,0.82856655
Cook69,0.010349255,0.8475545
Cook70,0.010362474,0.8385765
Cook71,0.0044341697,0.8434735
Cook72,0.023043618,0.83717966
Cook73,0.0,0.8393432
Cook74,0.0018470413,0.85140306
Cook75,0.0044916924,0.8427316
Cook76,0.016334374,0.84098405
Cook77,0.012718029,0.8279682
Cook78,0.0,0.83845127
Cook79,0.016408792,0.86217517
Cook80,0.013474399,0.8453117
Cook81,0.009806918,0.82930416
Cook82,0.01381602,0.84483904
Cook83,0.030776966,0.84081084
Cook84,0.03424631,0.8438884
Cook85,0.011948762,0.85239154
Cook86,0.012754561,0.8393013
Cook87,0.009421414,0.83440447
Cook88,0.021043178,0.857647
Cook89,0.020287113,0.84667766
Cook90,0.009717861,0.8438464
Cook91,0.011817305,0.86226195
Cook92,0.010655214,0.83755535
Cook93,0.020471806,0.8387889
Cook94,0.013101535,0.8514896
Cook95,0.017492788,0.8359593
Cook96,0.00919574,0.8363626
Cook97,0.014315667,0.8363657
Cook98,0.017149378,0.827689
Cook99,0.003518742,0.84793437
Cook100,0.011579154,0.8448175
Courier1,0.4127041,0.5414864
Courier2,0.5017774,0.549074
Courier3,0.42654666,0.5519205
Courier4,0.45929685,0.576246
Courier5,0.5863672,0.52136934
Courier6,0.4664837,0.54749906
Courier7,0.40601486,0.56608903
Courier8,0.60528684,0.45533836
Courier9,0.48030478,0.5123214
Courier10,0.55341065,0.49907666
Courier11,0.5521545,0.56291896
Courier12,0.47889942,0.5590989
Courier13,0.48907098,0.45588502
Courier14,0.4234262,0.5586691
Courier15,0.66030407,0.49987823
Courier16,0.5551624,0.5504315
Courier17,0.4335231,0.54474294
Courier18,0.43879575,0.55278355
Courier19,0.492741,0.5026554
Courier20,0.5212056,0.54542214
Courier21,0.52296144,0.46828017
Courier22,0.41356722,0.5567242
Courier23,0.53249896,0.57821727
Courier24,0.47261122,0.5909125
Courier25,0.6105515,0.44142717
Courier26,0.5168903,0.47056872
Courier27,0.50241596,0.5267589
Courier28,0.5149149,0.58050025
Courier29,0.60964876,0.4331876
Courier30,0.5275394,0.4719889
Courier31,0.6714188,0.42893445
Courier32,0.6920397,0.48231512
Courier33,0.61649007,0.41887122
Courier34,0.6510485,0.47420657
Courier35,0.48869583,0.5157937
Courier36,0.52687675,0.49873063
Courier37,0.48746207,0.5159655
Courier38,0.44357556,0.64313
Courier39,0.48098376,0.5262435
Courier40,0.45974228,0.57267785
Courier41,0.4035999,0.56716937
Courier42,0.5236639,0.5357424
Courier43,0.43550432,0.49978867
Courier44,0.45478007,0.5306604
Courier45,0.5688068,0.51159406
Courier46,0.40980354,0.44541907
Courier47,0.5713301,0.47745714
Courier48,0.48949865,0.57344013
Courier49,0.42824888,0.554865
Courier50,0.4377947,0.5719113
Courier51,0.4431558,0.55429643
Courier52,0.49238762,0.5410199
Courier53,0.43005645,0.5523779
Courier54,0.44380024,0.5463626
Courier55,0.42060992,0.57107127
Courier56,0.41670483,0.5453739
Courier57,0.57434154,0.51142424
Courier58,0.4316911,0.5629162
Courier59,0.43061796,0.62647873
Courier60,0.41610384,0.6065451
Courier61,0.54645145,0.5349481
Courier62,0.53688717,0.490903
Courier63,0.64234054,0.44836134
Courier64,0.4372341,0.5596481
Courier65,0.6904359,0.45995823
Courier66,0.46393445,0.53531235
Courier67,0.40547723,0.6006749
Courier68,0.44921216,0.5309118
Courier69,0.41488817,0.6074855
Courier70,0.43303448,0.54081446
Courier71,0.41845945,0.5569894
Courier72,0.4633584,0.51141924
Courier73,0.44038936,0.455507
Courier74,0.4531238,0.547374
Courier75,0.58671856,0.5017901
Courier76,0.43369198,0.543188
Courier77,0.41363156,0.5563806
Courier78,0.4123851,0.56404084
Courier79,0.52047354,0.48290673
Courier80,0.4702277,0.63896716
Courier81,0.44621643,0.54472536
Courier82,0.6565335,0.45377952
Courier83,0.50969803,0.5515544
Courier84,0.42126846,0.5556432
Courier85,0.63134706,0.48789003
Courier86,0.6249195,0.48551595
Courier87,0.5354141,0.44438785
Courier88,0.40867624,0.5405241
Courier89,0.49751008,0.67882407
Courier90,0.64527285,0.48764202
Courier91,0.43389198,0.551077
Courier92,0.61169606,0.42731982
Courier93,0.4808281,0.62216514
Courier94,0.48566395,0.5512809
Courier95,0.5383556,0.50453323
Courier96,0.4125912,0.5615447
Courier97,0.41687584,0.55409324
Courier98,0.48518023,0.5081833
Courier99,0.44855478,0.54199135
Courier100,0.48708194,0.52314115
FastFoodWorker1,0.02930595,0.66858774
FastFoodWorker2,0.050853353,0.63093793
FastFoodWorker3,0.03461916,0.6324912
FastFoodWorker4,0.04134612,0.61498195
FastFoodWorker5,0.0,0.646776
FastFoodWorker6,0.0029293618,0.6551452
FastFoodWorker7,0.03975479,0.6139494
FastFoodWorker8,0.044413663,0.6223211
FastFoodWorker9,0.0,0.68353605
FastFoodWorker10,0.03922072,0.6401895
FastFoodWorker11,0.0,0.64890575
FastFoodWorker12,0.028045565,0.6544199
FastFoodWorker13,0.03626263,0.64465964
FastFoodWorker14,0.04014044,0.6254942
FastFoodWorker15,0.040691644,0.6267764
FastFoodWorker16,0.040659897,0.61316127
FastFoodWorker17,0.008655306,0.6548035
FastFoodWorker18,0.03127937,0.63671476
FastFoodWorker19,0.028840626,0.68609315
FastFoodWorker20,0.04544894,0.59915906
FastFoodWorker21,0.024760282,0.62820363
FastFoodWorker22,0.029433796,0.63054264
FastFoodWorker23,0.060098313,0.67046225
FastFoodWorker24,0.027571213,0.6376148
FastFoodWorker25,0.020822454,0.64329183
FastFoodWorker26,0.05394682,0.6299959
FastFoodWorker27,0.075167336,0.6777732
FastFoodWorker28,0.015071198,0.69897497
FastFoodWorker29,0.0,0.709865
FastFoodWorker30,0.048115503,0.6236715
FastFoodWorker31,0.05277207,0.6146745
FastFoodWorker32,0.05615963,0.64715964
FastFoodWorker33,0.023550406,0.6611577
FastFoodWorker34,0.01806266,0.68915313
FastFoodWorker35,0.038441185,0.63495654
FastFoodWorker36,0.004513779,0.62946606
FastFoodWorker37,0.0149540575,0.6464829
FastFoodWorker38,0.03555395,0.637334
FastFoodWorker39,0.01603412,0.7430507
FastFoodWorker40,0.03714175,0.6914954
FastFoodWorker41,0.03550628,0.6251645
FastFoodWorker42,0.040937565,0.66887903
FastFoodWorker43,0.036928866,0.62777126
FastFoodWorker44,0.010940247,0.61280876
FastFoodWorker45,0.033423264,0.630568
FastFoodWorker46,0.0035909354,0.63628817
FastFoodWorker47,0.0074361437,0.6905621
FastFoodWorker48,0.025896626,0.6470462
FastFoodWorker49,0.027533665,0.62955123
FastFoodWorker50,0.0038758721,0.6932304
FastFoodWorker51,0.033075046,0.64327693
FastFoodWorker52,0.02536459,0.7955469
FastFoodWorker53,0.03201412,0.630286
FastFoodWorker54,0.031577833,0.6838232
FastFoodWorker55,0.013697105,0.67040306
FastFoodWorker56,0.03689024,0.6479849
FastFoodWorker57,0.018682819,0.65529895
FastFoodWorker58,0.031022776,0.6783863
FastFoodWorker59,0.0,0.6914948
FastFoodWorker60,0.035302013,0.62518036
FastFoodWorker61,0.0,0.6631701
FastFoodWorker62,0.023093369,0.65355784
FastFoodWorker63,0.0034210763,0.64830256
FastFoodWorker64,0.027968487,0.6379554
FastFoodWorker65,0.05029236,0.6675594
FastFoodWorker66,0.04334063,0.62430906
FastFoodWorker67,0.033209134,0.635378
FastFoodWorker68,0.02868015,0.63722277
FastFoodWorker69,0.01701202,0.6532365
FastFoodWorker70,0.03677374,0.6258054
FastFoodWorker71,0.24842672,0.2739775
FastFoodWorker72,0.0,0.67977047
FastFoodWorker73,0.020274812,0.6741775
FastFoodWorker74,0.020098118,0.6367983
FastFoodWorker75,0.010232694,0.63308704
FastFoodWorker76,0.045179367,0.6301222
FastFoodWorker77,0.02348492,0.7527319
FastFoodWorker78,0.0349542,0.6244344
FastFoodWorker79,0.026047397,0.682148
FastFoodWorker80,0.043078475,0.65593576
FastFoodWorker81,0.006091748,0.62393284
FastFoodWorker82,0.027686436,0.65953106
FastFoodWorker83,0.032940704,0.6381638
FastFoodWorker84,0.01401851,0.6473592
FastFoodWorker85,0.036790006,0.6473419
FastFoodWorker86,0.03810548,0.63666373
FastFoodWorker87,0.03153938,0.6669628
FastFoodWorker88,0.0,0.66057223
FastFoodWorker89,0.046037726,0.6301002
FastFoodWorker90,0.033747956,0.66071755
FastFoodWorker91,0.01959481,0.6473118
FastFoodWorker92,0.025649495,0.66267467
FastFoodWorker93,0.011665179,0.6632536
FastFoodWorker94,0.032202374,0.6276115
FastFoodWorker95,0.04355239,0.62091804
FastFoodWorker96,0.018629454,0.6102163
FastFoodWorker97,0.063697144,0.57950026
FastFoodWorker98,0.015775206,0.67899334
FastFoodWorker99,0.03573324,0.6773111
FastFoodWorker100,0.024082828,0.67804265
HouseKeepingCleaner1,0.2495785,0.30981016
HouseKeepingCleaner2,0.2597269,0.31118268
HouseKeepingCleaner3,0.24721184,0.31956986
HouseKeepingCleaner4,0.23282327,0.29840878
HouseKeepingCleaner5,0.20412368,0.34919918
HouseKeepingCleaner6,0.21326111,0.252501
HouseKeepingCleaner7,0.17479484,0.16920838
HouseKeepingCleaner8,0.2283427,0.273735
HouseKeepingCleaner9,0.23407689,0.289932
HouseKeepingCleaner10,0.24141838,0.2714735
HouseKeepingCleaner11,0.22202653,0.29959664
HouseKeepingCleaner12,0.22258773,0.25041264
HouseKeepingCleaner13,0.22813842,0.24386987
HouseKeepingCleaner14,0.2701895,0.27368695
HouseKeepingCleaner15,0.20252138,0.3166595
HouseKeepingCleaner16,0.24634412,0.32878873
HouseKeepingCleaner17,0.20556106,0.2848419
HouseKeepingCleaner18,0.2458397,0.31707796
HouseKeepingCleaner19,0.25314447,0.36131185
HouseKeepingCleaner20,0.24099016,0.32283652
HouseKeepingCleaner21,0.23574321,0.32587308
HouseKeepingCleaner22,0.2597424,0.31606707
HouseKeepingCleaner23,0.25291663,0.33415854
HouseKeepingCleaner24,0.25857055,0.35825378
HouseKeepingCleaner25,0.2542943,0.3324101
HouseKeepingCleaner26,0.18266767,0.38181135
HouseKeepingCleaner27,0.16970362,0.30972454
HouseKeepingCleaner28,0.24021405,0.31562707
HouseKeepingCleaner29,0.25028658,0.31025448
HouseKeepingCleaner30,0.16378586,0.35984513
HouseKeepingCleaner31,0.26421735,0.3266384
HouseKeepingCleaner32,0.24456741,0.3054627
HouseKeepingCleaner33,0.20081913,0.2094508
HouseKeepingCleaner34,0.1988853,0.35210747
HouseKeepingCleaner35,0.21870014,0.34511423
HouseKeepingCleaner36,0.2461037,0.3061474
HouseKeepingCleaner37,0.22565982,0.287246
HouseKeepingCleaner38,0.2382507,0.32562822
HouseKeepingCleaner39,0.24409606,0.37183708
HouseKeepingCleaner40,0.24395436,0.30635527
HouseKeepingCleaner41,0.24448916,0.31902343
HouseKeepingCleaner42,0.261988,0.3144575
HouseKeepingCleaner43,0.21699476,0.33773145
HouseKeepingCleaner44,0.20365788,0.33769745
HouseKeepingCleaner45,0.23777874,0.31798425
HouseKeepingCleaner46,0.22474416,0.32813552
HouseKeepingCleaner47,0.28192857,0.33489725
HouseKeepingCleaner48,0.2418307,0.30503783
HouseKeepingCleaner49,0.23354483,0.29168853
HouseKeepingCleaner50,0.21160634,0.2688108
HouseKeepingCleaner51,0.24469891,0.32932317
HouseKeepingCleaner52,0.22491096,0.22401278
HouseKeepingCleaner53,0.19853379,0.34290648
HouseKeepingCleaner54,0.22936282,0.23087353
HouseKeepingCleaner55,0.2290119,0.30291232
HouseKeepingCleaner56,0.22172548,0.3253016
HouseKeepingCleaner57,0.25252405,0.31796467
HouseKeepingCleaner58,0.25882784,0.33009687
HouseKeepingCleaner59,0.22065644,0.24233499
HouseKeepingCleaner60,0.21443295,0.21961577
HouseKeepingCleaner61,0.2293941,0.31402162
HouseKeepingCleaner62,0.22664055,0.30238163
HouseKeepingCleaner63,0.23855828,0.35451758
HouseKeepingCleaner64,0.24197301,0.31394288
HouseKeepingCleaner65,0.25056374,0.32318214
HouseKeepingCleaner66,0.22226289,0.25783157
HouseKeepingCleaner67,0.2353782,0.33735293
HouseKeepingCleaner68,0.24501234,0.21339053
HouseKeepingCleaner69,0.2038014,0.3119243
HouseKeepingCleaner70,0.1828721,0.35453075
HouseKeepingCleaner71,0.2841091,0.30110043
HouseKeepingCleaner72,0.2670384,0.32628065
HouseKeepingCleaner73,0.24757363,0.35546738
HouseKeepingCleaner74,0.22784097,0.27914786
HouseKeepingCleaner75,0.24643925,0.3248407
HouseKeepingCleaner76,0.23511866,0.37951905
HouseKeepingCleaner77,0.23274474,0.31730816
HouseKeepingCleaner78,0.29553005,0.25667855
HouseKeepingCleaner79,0.21956934,0.2501417
HouseKeepingCleaner80,0.24315162,0.3188496
HouseKeepingCleaner81,0.22922634,0.32034764
HouseKeepingCleaner82,0.22230904,0.2585502
HouseKeepingCleaner83,0.2503072,0.3021353
HouseKeepingCleaner84,0.22141518,0.29167652
HouseKeepingCleaner85,0.1786754,0.32136112
HouseKeepingCleaner86,0.19591619,0.32686093
HouseKeepingCleaner87,0.22442652,0.32780248
HouseKeepingCleaner88,0.24987422,0.1903398
HouseKeepingCleaner89,0.2107581,0.23843081
HouseKeepingCleaner90,0.18994077,0.3755093
HouseKeepingCleaner91,0.224543,0.2507319
HouseKeepingCleaner92,0.20382322,0.26307166
HouseKeepingCleaner93,0.23796925,0.32195327
HouseKeepingCleaner94,0.23399462,0.3073611
HouseKeepingCleaner95,0.17519784,0.350744
HouseKeepingCleaner96,0.23111603,0.3265762
HouseKeepingCleaner97,0.25063998,0.33041993
HouseKeepingCleaner98,0.22065589,0.23775557
HouseKeepingCleaner99,0.24045165,0.33086002
HouseKeepingCleaner100,0.2054606,0.14755547
InteriorDesigner1,1.0,0.7446813
InteriorDesigner2,1.0,0.7436174
InteriorDesigner3,0.99475783,0.7501002
InteriorDesigner4,0.617237,0.9747869
InteriorDesigner5,0.63377357,0.9712342
InteriorDesigner6,0.6247087,0.96903175
InteriorDesigner7,1.0,0.7359387
InteriorDesigner8,0.6283127,0.9675182
InteriorDesigner9,0.629766,0.97269166
InteriorDesigner10,0.9923922,0.75362396
InteriorDesigner11,0.619656,0.978756
InteriorDesigner12,1.0,0.75882405
InteriorDesigner13,1.0,0.75427395
InteriorDesigner14,0.9999332,0.75426704
InteriorDesigner15,0.6280082,0.9796064
InteriorDesigner16,0.63250005,0.98158914
InteriorDesigner17,0.62088484,0.97357076
InteriorDesigner18,0.98866665,0.7545437
InteriorDesigner19,0.6216994,0.9660761
InteriorDesigner20,0.6264578,0.9599059
InteriorDesigner21,0.62354636,0.98187625
InteriorDesigner22,1.0,0.76532215
InteriorDesigner23,0.96823907,0.71406525
InteriorDesigner24,0.62627536,0.95965654
InteriorDesigner25,0.99200886,0.74714935
InteriorDesigner26,0.98983,0.7477784
InteriorDesigner27,1.0,0.75013673
InteriorDesigner28,0.96813446,0.767085
InteriorDesigner29,0.6158183,0.9747915
InteriorDesigner30,1.0,0.75791186
InteriorDesigner31,1.0,0.75331974
InteriorDesigner32,1.0,0.76646435
InteriorDesigner33,1.0,0.7516027
InteriorDesigner34,0.99510336,0.73751485
InteriorDesigner35,1.0,0.748261
InteriorDesigner36,0.9971546,0.750264
InteriorDesigner37,0.99991786,0.74496335
InteriorDesigner38,0.6179777,0.98312443
InteriorDesigner39,1.0,0.775466
InteriorDesigner40,1.0,0.75146586
InteriorDesigner41,0.9765381,0.77562344
InteriorDesigner42,0.99081266,0.7639596
InteriorDesigner43,0.99999124,0.7524936
InteriorDesigner44,0.6271191,0.9651992
InteriorDesigner45,0.6230287,0.9679044
InteriorDesigner46,0.62768257,0.96634567
InteriorDesigner47,0.6212554,0.9735973
InteriorDesigner48,0.63374436,0.9740427
InteriorDesigner49,1.0,0.73371816
InteriorDesigner50,0.9916792,0.7611087
InteriorDesigner51,0.9960482,0.7665262
InteriorDesigner52,0.99466705,0.79137045
InteriorDesigner53,0.62593526,0.9752747
InteriorDesigner54,1.0,0.74660134
InteriorDesigner55,0.6264713,0.9542995
InteriorDesigner56,0.6317857,0.9998864
InteriorDesigner57,0.6309107,0.97325104
InteriorDesigner58,1.0,0.75417304
InteriorDesigner59,1.0,0.74179107
InteriorDesigner60,1.0,0.789951
InteriorDesigner61,1.0,0.763455
InteriorDesigner62,1.0,0.75091374
InteriorDesigner63,0.91900915,0.7121682
InteriorDesigner64,1.0,0.74648064
InteriorDesigner65,0.6264439,0.97505856
InteriorDesigner66,1.0,0.7413133
InteriorDesigner67,0.6329796,0.98264796
InteriorDesigner68,1.0,0.7423131
InteriorDesigner69,1.0,0.7518686
InteriorDesigner70,0.62360054,0.9596271
InteriorDesigner71,1.0,0.74636877
InteriorDesigner72,0.64146763,0.9803735
InteriorDesigner73,1.0,0.72627765
InteriorDesigner74,1.0,0.76687074
InteriorDesigner75,0.9969681,0.7513056
InteriorDesigner76,0.63590264,0.9767027
InteriorDesigner77,1.0,0.760918
InteriorDesigner78,1.0,0.7163997
InteriorDesigner79,1.0,0.7120836
InteriorDesigner80,0.99974823,0.7567892
InteriorDesigner81,0.9918283,0.770057
InteriorDesigner82,0.62679744,0.9679859
InteriorDesigner83,1.0,0.75076264
InteriorDesigner84,1.0,0.7501155
InteriorDesigner85,0.6048841,0.97998565
InteriorDesigner86,1.0,0.75586134
InteriorDesigner87,0.6194152,0.97377825
InteriorDesigner88,1.0,0.761458
InteriorDesigner89,1.0,0.7869618
InteriorDesigner90,1.0,0.74579555
InteriorDesigner91,1.0,0.75341386
InteriorDesigner92,0.6322844,0.97313714
InteriorDesigner93,0.9768575,0.7210246
InteriorDesigner94,0.6465791,0.98210776
InteriorDesigner95,0.9888124,0.7314058
InteriorDesigner96,1.0,0.74519545
InteriorDesigner97,1.0,0.7247313
InteriorDesigner98,0.6265115,0.9756534
InteriorDesigner99,0.99290174,0.7553051
InteriorDesigner100,0.9946709,0.75983614
Jailer1,0.7551923,0.24445939
Jailer2,0.7663616,0.2308308
Jailer3,0.81890804,0.2837953
Jailer4,0.7433584,0.23187783
Jailer5,0.75435925,0.24222925
Jailer6,0.8343042,0.25733843
Jailer7,0.7505233,0.25184968
Jailer8,0.74880296,0.22791466
Jailer9,0.76134527,0.21213615
Jailer10,0.7338482,0.20149876
Jailer11,0.7568898,0.24262042
Jailer12,0.7448093,0.23817989
Jailer13,0.7700654,0.24319643
Jailer14,0.7528124,0.20503023
Jailer15,0.745758,0.28105453
Jailer16,0.7631976,0.24010772
Jailer17,0.8115116,0.2539411
Jailer18,0.7583266,0.309129
Jailer19,0.7317923,0.2238243
Jailer20,0.7422452,0.24077034
Jailer21,0.8099643,0.25604457
Jailer22,0.8188731,0.21181777
Jailer23,0.75694925,0.2250657
Jailer24,0.7586378,0.23105752
Jailer25,0.748185,0.21834575
Jailer26,0.76479715,0.2378721
Jailer27,0.7855258,0.23032965
Jailer28,0.7226993,0.19767283
Jailer29,0.7715551,0.22930208
Jailer30,0.7619744,0.23980162
Jailer31,0.74726087,0.22126025
Jailer32,0.7734624,0.30032438
Jailer33,0.76256096,0.1977209
Jailer34,0.75365156,0.23969838
Jailer35,0.8326141,0.2499011
Jailer36,0.8203192,0.17694612
Jailer37,0.75040656,0.23183188
Jailer38,0.787209,0.24559419
Jailer39,0.788292,0.21449368
Jailer40,0.73984706,0.22653931
Jailer41,0.7659075,0.3099767
Jailer42,0.7494569,0.25672767
Jailer43,0.7334937,0.30471194
Jailer44,0.8111365,0.2637666
Jailer45,0.75822073,0.22723886
Jailer46,0.75585455,0.20846578
Jailer47,0.7530536,0.23412406
Jailer48,0.76634973,0.2278035
Jailer49,0.7636451,0.2392127
Jailer50,0.7570127,0.24467386
Jailer51,0.76944876,0.2377191
Jailer52,0.763392,0.2572976
Jailer53,0.7505131,0.21721067
Jailer54,0.7478511,0.23846164
Jailer55,0.769075,0.25391415
Jailer56,0.75727046,0.24350123
Jailer57,0.7573874,0.23721775
Jailer58,0.7661524,0.22959004
Jailer59,0.76416916,0.2458659
Jailer60,0.75818306,0.21284097
Jailer61,0.76223284,0.22490492
Jailer62,0.76983243,0.24353299
Jailer63,0.73844886,0.23374914
Jailer64,0.7539839,0.23976897
Jailer65,0.7873194,0.22208735
Jailer66,0.7539892,0.2374208
Jailer67,0.7494125,0.2426268
Jailer68,0.7779333,0.23705558
Jailer69,0.78222966,0.25487876
Jailer70,0.77876896,0.25293157
Jailer71,0.7550324,0.22839113
Jailer72,0.76618624,0.24622469
Jailer73,0.73504573,0.21922854
Jailer74,0.7209071,0.23293693
Jailer75,0.77610695,0.23058373
Jailer76,0.7938654,0.21290584
Jailer77,0.788824,0.2525655
Jailer78,0.76285464,0.21893243
Jailer79,0.804896,0.25463772
Jailer80,0.7907857,0.2295271
Jailer81,0.790905,0.22287752
Jailer82,0.7722037,0.27293518
Jailer83,0.7654459,0.25089145
Jailer84,0.80744725,0.24413729
Jailer85,0.759061,0.2378511
Jailer86,0.7584847,0.23697382
Jailer87,0.7701177,0.23904377
Jailer88,0.76355904,0.24629201
Jailer89,0.76418895,0.2352806
Jailer90,0.76160747,0.22556984
Jailer91,0.7408733,0.23923416
Jailer92,0.73327726,0.23474303
Jailer93,0.7974936,0.24186353
Jailer94,0.76547796,0.24091394
Jailer95,0.7749256,0.23774798
Jailer96,0.76818424,0.22394043
Jailer97,0.76260185,0.24883422
Jailer98,0.7545208,0.2558697
Jailer99,0.73976916,0.25183046
Jailer100,0.75600183,0.23231274
Janitor1,0.308239,0.21025121
Janitor2,0.5458625,0.19611318
Janitor3,0.5901653,0.2306082
Janitor4,0.5328997,0.17572407
Janitor5,0.5846304,0.19593218
Janitor6,0.38901404,0.4959419
Janitor7,0.44123948,0.2913914
Janitor8,0.6525127,0.23857142
Janitor9,0.4233281,0.2806576
Janitor10,0.32908264,0.1422524
Janitor11,0.5561946,0.2497004
Janitor12,0.2957306,0.29893467
Janitor13,0.55456775,0.21592511
Janitor14,0.41144493,0.5468322
Janitor15,0.5951991,0.16574956
Janitor16,0.51166755,0.1835114
Janitor17,0.5806134,0.24302064
Janitor18,0.5625909,0.19960104
Janitor19,0.2994326,0.30824634
Janitor20,0.3179292,0.28861424
Janitor21,0.29017413,0.30567625
Janitor22,0.31498045,0.30085975
Janitor23,0.39545238,0.30603784
Janitor24,0.452016,0.31885004
Janitor25,0.3221829,0.30299404
Janitor26,0.3850781,0.357244
Janitor27,0.57436395,0.21719313
Janitor28,0.36590236,0.4991129
Janitor29,0.4730902,0.16939415
Janitor30,0.42051467,0.17520098
Janitor31,0.43215725,0.25023305
Janitor32,0.29575694,0.29184374
Janitor33,0.58725196,0.21133783
Janitor34,0.4092772,0.3249241
Janitor35,0.5688538,0.2797289
Janitor36,0.49043602,0.26149675
Janitor37,0.29336202,0.30483368
Janitor38,0.4389885,0.27043468
Janitor39,0.4889644,0.25831833
Janitor40,0.49460867,0.21150902
Janitor41,0.6089772,0.22048384
Janitor42,0.6370077,0.31205568
Janitor43,0.42858756,0.2829912
Janitor44,0.40386945,0.1877574
Janitor45,0.4040364,0.25095022
Janitor46,0.3779514,0.26043773
Janitor47,0.47079274,0.17974938
Janitor48,0.44880423,0.2530646
Janitor49,0.56234026,0.25559536
Janitor50,0.3172182,0.29810476
Janitor51,0.4061488,0.091157414
Janitor52,0.6060535,0.2896836
Janitor53,0.5050211,0.20654652
Janitor54,0.33506382,0.29886585
Janitor55,0.40525708,0.28057182
Janitor56,0.5706633,0.20632821
Janitor57,0.5376404,0.20160298
Janitor58,0.5854198,0.13517672
Janitor59,0.5794394,0.18056242
Janitor60,0.3702109,0.2969409
Janitor61,0.58400244,0.039827604
Janitor62,0.37913752,0.29728383
Janitor63,0.4216842,0.26204923
Janitor64,0.4441102,0.29647586
Janitor65,0.39793932,0.5371718
Janitor66,0.5554804,0.16540962
Janitor67,0.60538256,0.27097353
Janitor68,0.38336548,0.3046383
Janitor69,0.43452373,0.25723502
Janitor70,0.40620378,0.5110147
Janitor71,0.54246575,0.19474351
Janitor72,0.45666352,0.13382329
Janitor73,0.592338,0.20334235
Janitor74,0.3106636,0.28485203
Janitor75,0.43205124,0.2883377
Janitor76,0.5812901,0.12414212
Janitor77,0.6077356,0.2883619
Janitor78,0.50558037,0.24598888
Janitor79,0.5927259,0.28867778
Janitor80,0.68740845,0.14999197
Janitor81,0.362098,0.15326752
Janitor82,0.4875739,0.2633792
Janitor83,0.4035627,0.6917506
Janitor84,0.49617308,0.20253652
Janitor85,0.5114754,0.21905938
Janitor86,0.6091369,0.19885026
Janitor87,0.41866732,0.4225351
Janitor88,0.45659253,0.2754397
Janitor89,0.39638203,0.5190251
Janitor90,0.28669953,0.30792505
Janitor91,0.48591608,0.23988377
Janitor92,0.3990985,0.28064176
Janitor93,0.41197968,0.28101718
Janitor94,0.5560167,0.22230853
Janitor95,0.4322772,0.2893544
Janitor96,0.5950207,0.22288692
Janitor97,0.38400227,0.17268896
Janitor98,0.5828078,0.20150153
Janitor99,0.38003784,0.49372736
Janitor100,0.5629304,0.18592454
Lawyer1,0.9472398,0.8871284
Lawyer2,0.63054967,0.7313522
Lawyer3,0.6271614,0.80501604
Lawyer4,0.63248956,0.72385013
Lawyer5,0.632478,0.7246864
Lawyer6,0.58773714,0.71978027
Lawyer7,0.5964825,0.7270522
Lawyer8,0.9113968,0.6505598
Lawyer9,0.6613686,0.83668387
Lawyer10,0.64181393,0.70041066
Lawyer11,0.6245472,0.7460342
Lawyer12,0.64130545,0.7724303
Lawyer13,0.57276493,0.725881
Lawyer14,0.6378516,0.7387619
Lawyer15,0.6052385,0.7212016
Lawyer16,0.6285115,0.74154335
Lawyer17,0.586052,0.776147
Lawyer18,0.61800337,0.7065365
Lawyer19,0.6163122,0.93848205
Lawyer20,0.6249622,0.75563365
Lawyer21,0.6100114,0.6730638
Lawyer22,0.6370438,0.73587227
Lawyer23,0.6258376,0.71618885
Lawyer24,0.6094871,0.72518486
Lawyer25,0.57423073,0.7460152
Lawyer26,0.6300066,0.7586402
Lawyer27,0.5658934,0.7717842
Lawyer28,0.75191885,0.7936207
Lawyer29,0.63415426,0.72396946
Lawyer30,0.62913346,0.7380657
Lawyer31,0.61817694,0.7161584
Lawyer32,0.62073654,0.7372137
Lawyer33,0.6322569,0.7302075
Lawyer34,0.63021946,0.7363897
Lawyer35,0.6546901,0.72302425
Lawyer36,0.59527963,0.6779321
Lawyer37,0.596712,0.72156006
Lawyer38,0.6403447,0.7466466
Lawyer39,0.6167095,0.7257759
Lawyer40,0.5772861,0.7455181
Lawyer41,0.652909,0.6774427
Lawyer42,0.6243605,0.729961
Lawyer43,0.6273182,0.73693895
Lawyer44,0.6291008,0.7415828
Lawyer45,0.8050523,0.69601834
Lawyer46,0.6281042,0.7067384
Lawyer47,0.55699354,0.70601636
Lawyer48,0.606405,0.7297122
Lawyer49,0.8283348,0.72268695
Lawyer50,0.6505286,0.6868274
Lawyer51,0.6033485,0.7015462
Lawyer52,0.6078307,0.7558213
Lawyer53,0.5918405,0.76226175
Lawyer54,0.6356981,0.71997285
Lawyer55,0.62886786,0.73392874
Lawyer56,0.62631714,0.7446638
Lawyer57,0.6498676,0.7055549
Lawyer58,0.59030163,0.68304735
Lawyer59,0.62065566,0.72682226
Lawyer60,0.69477195,0.81491476
Lawyer61,0.6372138,0.7787387
Lawyer62,0.7268273,0.7246741
Lawyer63,0.63285476,0.7360911
Lawyer64,0.6396234,0.71443677
Lawyer65,0.6298506,0.74330366
Lawyer66,0.62803906,0.7511054
Lawyer67,0.60060453,0.72493905
Lawyer68,0.670118,0.72762364
Lawyer69,0.61774564,0.6983702
Lawyer70,0.61716896,0.7376623
Lawyer71,0.6125173,0.71247345
Lawyer72,0.70354575,0.8457151
Lawyer73,0.6549208,0.6903331
Lawyer74,0.60488576,0.72464484
Lawyer75,0.6373011,0.7166012
Lawyer76,0.63579404,0.7392893
Lawyer77,0.63553345,0.7493413
Lawyer78,0.6261908,0.72566855
Lawyer79,0.61618036,0.75369585
Lawyer80,0.6442959,0.72910714
Lawyer81,0.5341815,0.7729164
Lawyer82,0.63643414,0.72904414
Lawyer83,0.62407404,0.74740624
Lawyer84,0.5945935,0.7467153
Lawyer85,0.62242496,0.68123436
Lawyer86,0.6083601,0.79335636
Lawyer87,0.8193418,0.7492976
Lawyer88,0.63355917,0.6840228
Lawyer89,0.55781114,0.7430035
Lawyer90,0.6121548,0.6975066
Lawyer91,0.58492285,0.7221561
Lawyer92,0.60243905,0.7034958
Lawyer93,0.62992555,0.7316228
Lawyer94,0.589791,0.7429861
Lawyer95,0.6111642,0.72470057
Lawyer96,0.64978105,0.6614123
Lawyer97,0.6170034,0.7290351
Lawyer98,0.6197084,0.7248253
Lawyer99,0.6497101,0.7510845
Lawyer100,0.6219306,0.73668814
NursingAssistant1,0.20571293,0.20574257
NursingAssistant2,0.12957057,0.30432877
NursingAssistant3,0.18791376,0.19937485
NursingAssistant4,0.21360376,0.13120826
NursingAssistant5,0.17817084,0.19180016
NursingAssistant6,0.17824754,0.1981317
NursingAssistant7,0.20509091,0.1085487
NursingAssistant8,0.19574066,0.18774249
NursingAssistant9,0.19793206,0.19782591
NursingAssistant10,0.21478353,0.21847068
NursingAssistant11,0.18781449,0.20300923
NursingAssistant12,0.21133706,0.16399547
NursingAssistant13,0.25267258,0.14852867
NursingAssistant14,0.20234738,0.17658934
NursingAssistant15,0.28049073,0.1876316
NursingAssistant16,0.1637652,0.19484723
NursingAssistant17,0.20684983,0.18507953
NursingAssistant18,0.15378262,0.18266623
NursingAssistant19,0.21921377,0.22315302
NursingAssistant20,0.19771023,0.1487992
NursingAssistant21,0.18854105,0.20303953
NursingAssistant22,0.21175802,0.1835521
NursingAssistant23,0.2123849,0.18636806
NursingAssistant24,0.19410804,0.20023906
NursingAssistant25,0.20475146,0.14177196
NursingAssistant26,0.18501686,0.20527215
NursingAssistant27,0.2012307,0.1681107
NursingAssistant28,0.21993731,0.18786334
NursingAssistant29,0.17012645,0.20015252
NursingAssistant30,0.24383762,0.19431587
NursingAssistant31,0.20874874,0.13106763
NursingAssistant32,0.2035339,0.18860683
NursingAssistant33,0.1879295,0.19945915
NursingAssistant34,0.19698529,0.19874188
NursingAssistant35,0.22412868,0.19438194
NursingAssistant36,0.19878015,0.1663794
NursingAssistant37,0.1894847,0.121950835
NursingAssistant38,0.21783732,0.1968049
NursingAssistant39,0.17858885,0.19401135
NursingAssistant40,0.18346499,0.20309646
NursingAssistant41,0.20156427,0.20356378
NursingAssistant42,0.21733426,0.18306027
NursingAssistant43,0.20295848,0.1884351
NursingAssistant44,0.17358951,0.1983714
NursingAssistant45,0.20079648,0.19074309
NursingAssistant46,0.21303847,0.19776212
NursingAssistant47,0.20212215,0.15410691
NursingAssistant48,0.19685023,0.20413938
NursingAssistant49,0.20978212,0.18637255
NursingAssistant50,0.23385078,0.19927227
NursingAssistant51,0.21752904,0.20322764
NursingAssistant52,0.20696676,0.17344947
NursingAssistant53,0.1734117,0.1956438
NursingAssistant54,0.16239086,0.2186944
NursingAssistant55,0.17556876,0.18889004
NursingAssistant56,0.19759479,0.20953576
NursingAssistant57,0.18513747,0.19274807
NursingAssistant58,0.17694716,0.19622786
NursingAssistant59,0.17220338,0.19975725
NursingAssistant60,0.2136858,0.19293153
NursingAssistant61,0.18055004,0.19851477
NursingAssistant62,0.19378403,0.11978328
NursingAssistant63,0.17154601,0.22832607
NursingAssistant64,0.17599218,0.20545968
NursingAssistant65,0.21964331,0.20968084
NursingAssistant66,0.20502001,0.1841731
NursingAssistant67,0.24854285,0.11481541
NursingAssistant68,0.20344512,0.20296931
NursingAssistant69,0.22824192,0.18473274
NursingAssistant70,0.20381624,0.15589687
NursingAssistant71,0.21178669,0.17687015
NursingAssistant72,0.19755736,0.15033036
NursingAssistant73,0.20041935,0.1780873
NursingAssistant74,0.19859895,0.20643875
NursingAssistant75,0.20470592,0.18095529
NursingAssistant76,0.16478607,0.19758917
NursingAssistant77,0.2063528,0.15338108
NursingAssistant78,0.20607105,0.19891536
NursingAssistant79,0.2033331,0.18622006
NursingAssistant80,0.20366752,0.18183443
NursingAssistant81,0.17629914,0.19966963
NursingAssistant82,0.19714832,0.17626017
NursingAssistant83,0.20047463,0.1395568
NursingAssistant84,0.20357512,0.16138372
NursingAssistant85,0.20735441,0.18874386
NursingAssistant86,0.20391485,0.19520533
NursingAssistant87,0.1855317,0.207372
NursingAssistant88,0.18076453,0.20728882
NursingAssistant89,0.15786198,0.20795281
NursingAssistant90,0.21149601,0.17607622
NursingAssistant91,0.20418896,0.20349023
NursingAssistant92,0.18554832,0.19761208
NursingAssistant93,0.21152338,0.20305516
NursingAssistant94,0.28221703,0.18935561
NursingAssistant95,0.1539455,0.19785118
NursingAssistant96,0.25766528,0.18982951
NursingAssistant97,0.17283131,0.20456728
NursingAssistant98,0.21223961,0.18832816
NursingAssistant99,0.20357175,0.19384564
NursingAssistant100,0.20143466,0.22374828
PersonalCareAide1,0.20368855,0.16306818
PersonalCareAide2,0.17186151,0.20854928
PersonalCareAide3,0.3838676,0.19480053
PersonalCareAide4,0.21311344,0.10320997
PersonalCareAide5,0.10169758,0.14266218
PersonalCareAide6,0.14390409,0.15961744
PersonalCareAide7,0.29140118,0.13406095
PersonalCareAide8,0.19009922,0.34122112
PersonalCareAide9,0.22555421,0.14851376
PersonalCareAide10,0.25891247,0.016758347
PersonalCareAide11,0.20920545,0.16056964
PersonalCareAide12,0.13633387,0.14351486
PersonalCareAide13,0.2661709,0.1803542
PersonalCareAide14,0.11758593,0.13383524
PersonalCareAide15,0.22115591,0.18780784
PersonalCareAide16,0.2843872,0.22267911
PersonalCareAide17,0.16834986,0.20214258
PersonalCareAide18,0.2238509,0.10788645
PersonalCareAide19,0.23412508,0.14069615
PersonalCareAide20,0.14674968,0.19483119
PersonalCareAide21,0.154213,0.15603049
PersonalCareAide22,0.15642853,0.21166146
PersonalCareAide23,0.14832383,0.19297796
PersonalCareAide24,0.2638147,0.13653454
PersonalCareAide25,0.27044114,0.18732347
PersonalCareAide26,0.23588282,0.19400983
PersonalCareAide27,0.40841863,0.12701179
PersonalCareAide28,0.200171,0.13621892
PersonalCareAide29,0.22251117,0.109464735
PersonalCareAide30,0.26080978,0.18106052
PersonalCareAide31,0.15812981,0.112737596
PersonalCareAide32,0.1675132,0.17799735
PersonalCareAide33,0.20551196,0.19232425
PersonalCareAide34,0.17720082,0.20141709
PersonalCareAide35,0.18969622,0.13078555
PersonalCareAide36,0.21036477,0.13172033
PersonalCareAide37,0.23106599,0.18637234
PersonalCareAide38,0.18879026,0.23894349
PersonalCareAide39,0.21534045,0.18273199
PersonalCareAide40,0.2074501,0.14526881
PersonalCareAide41,0.20458798,0.09086259
PersonalCareAide42,0.15677522,0.17888714
PersonalCareAide43,0.15883766,0.19356954
PersonalCareAide44,0.2771889,0.18887745
PersonalCareAide45,0.14905725,0.20595913
PersonalCareAide46,0.18355936,0.15655105
PersonalCareAide47,0.14298424,0.21210156
PersonalCareAide48,0.062152263,0.13325004
PersonalCareAide49,0.14267899,0.20485081
PersonalCareAide50,0.1970855,0.13230804
PersonalCareAide51,0.15350477,0.20714068
PersonalCareAide52,0.12037848,0.15821154
PersonalCareAide53,0.14968129,0.1496316
PersonalCareAide54,0.18344563,0.15810099
PersonalCareAide55,0.19369288,0.1547105
PersonalCareAide56,0.18745457,0.15999359
PersonalCareAide57,0.29165176,0.1838889
PersonalCareAide58,0.15216213,0.20197143
PersonalCareAide59,0.21934052,0.20704505
PersonalCareAide60,0.21986839,0.14621022
PersonalCareAide61,0.1519828,0.08984298
PersonalCareAide62,0.15263924,0.18701187
PersonalCareAide63,0.15656526,0.20372507
PersonalCareAide64,0.19963881,0.13179213
PersonalCareAide65,0.28874537,0.18743074
PersonalCareAide66,0.2532674,0.19986136
PersonalCareAide67,0.2003034,0.18092133
PersonalCareAide68,0.15355548,0.19348808
PersonalCareAide69,0.20104107,0.10296413
PersonalCareAide70,0.19985549,0.20219114
PersonalCareAide71,0.23141372,0.18701707
PersonalCareAide72,0.19410384,0.18717554
PersonalCareAide73,0.28674424,0.18733616
PersonalCareAide74,0.24308008,0.03317882
PersonalCareAide75,0.15610485,0.2141958
PersonalCareAide76,0.17121954,0.1657479
PersonalCareAide77,0.2569026,0.1831765
PersonalCareAide78,0.2748773,0.1213037
PersonalCareAide79,0.2432217,0.121193774
PersonalCareAide80,0.1778597,0.19305746
PersonalCareAide81,0.18612066,0.14567654
PersonalCareAide82,0.1715369,0.15525937
PersonalCareAide83,0.25536186,0.18712136
PersonalCareAide84,0.3058057,0.17244147
PersonalCareAide85,0.15637416,0.13851197
PersonalCareAide86,0.15024719,0.18866338
PersonalCareAide87,0.28384012,0.1854365
PersonalCareAide88,0.14320926,0.22455461
PersonalCareAide89,0.14697103,0.2168175
PersonalCareAide90,0.26738507,0.19473521
PersonalCareAide91,0.1129793,0.20597427
PersonalCareAide92,0.23883535,0.036511645
PersonalCareAide93,0.2725479,0.16086932
PersonalCareAide94,0.17147323,0.2198683
PersonalCareAide95,0.2817242,0.18175168
PersonalCareAide96,0.21151122,0.13946651
PersonalCareAide97,0.2087036,0.1249181
PersonalCareAide98,0.14151838,0.19291405
PersonalCareAide99,0.033961326,0.2296926
PersonalCareAide100,0.0,0.21047597
PersonalFinancialAdvisor1,0.67878056,0.83630943
PersonalFinancialAdvisor2,0.61324775,0.8117507
PersonalFinancialAdvisor3,0.60211253,0.8760328
PersonalFinancialAdvisor4,0.6049805,0.81354076
PersonalFinancialAdvisor5,0.7462974,0.79729265
PersonalFinancialAdvisor6,0.6645215,0.81711626
PersonalFinancialAdvisor7,0.61266637,0.827396
PersonalFinancialAdvisor8,0.57143015,0.8154426
PersonalFinancialAdvisor9,0.62983626,0.82176685
PersonalFinancialAdvisor10,0.8020704,0.79560727
PersonalFinancialAdvisor11,0.6186678,0.81910646
PersonalFinancialAdvisor12,0.631907,0.83038384
PersonalFinancialAdvisor13,0.5599258,0.8497088
PersonalFinancialAdvisor14,0.6097366,0.8239529
PersonalFinancialAdvisor15,0.6199094,0.8298693
PersonalFinancialAdvisor16,0.5869726,0.82978225
PersonalFinancialAdvisor17,0.54606813,0.80731845
PersonalFinancialAdvisor18,0.567682,0.81894267
PersonalFinancialAdvisor19,0.5855074,0.85930693
PersonalFinancialAdvisor20,0.63100576,0.8243026
PersonalFinancialAdvisor21,0.60627633,0.86427665
PersonalFinancialAdvisor22,0.5680908,0.7865981
PersonalFinancialAdvisor23,0.6966137,0.8249359
PersonalFinancialAdvisor24,0.6390806,0.8415564
PersonalFinancialAdvisor25,0.6142445,0.80576396
PersonalFinancialAdvisor26,0.57795227,0.807047
PersonalFinancialAdvisor27,0.623987,0.8105445
PersonalFinancialAdvisor28,0.62553895,0.82802796
PersonalFinancialAdvisor29,0.6142891,0.8174009
PersonalFinancialAdvisor30,0.69876885,0.8488395
PersonalFinancialAdvisor31,0.61729455,0.80892694
PersonalFinancialAdvisor32,0.54259235,0.7949328
PersonalFinancialAdvisor33,0.6030246,0.85710543
PersonalFinancialAdvisor34,0.46231756,0.8870347
PersonalFinancialAdvisor35,0.6057859,0.8036659
PersonalFinancialAdvisor36,0.56665295,0.8647673
PersonalFinancialAdvisor37,0.8351485,0.75217545
PersonalFinancialAdvisor38,0.6666451,0.81784725
PersonalFinancialAdvisor39,0.6830403,0.82250684
PersonalFinancialAdvisor40,0.6223789,0.83885366
PersonalFinancialAdvisor41,0.6104582,0.83787864
PersonalFinancialAdvisor42,0.5982125,0.80592436
PersonalFinancialAdvisor43,0.58254105,0.876592
PersonalFinancialAdvisor44,0.7691591,0.7886809
PersonalFinancialAdvisor45,0.60882497,0.61079794
PersonalFinancialAdvisor46,0.6168944,0.8860665
PersonalFinancialAdvisor47,0.6466893,0.8310681
PersonalFinancialAdvisor48,0.5753216,0.8600701
PersonalFinancialAdvisor49,0.6075871,0.8181317
PersonalFinancialAdvisor50,0.6414252,0.83010674
PersonalFinancialAdvisor51,0.55971825,0.7824055
PersonalFinancialAdvisor52,0.6551411,0.8295467
PersonalFinancialAdvisor53,0.61639744,0.8363324
PersonalFinancialAdvisor54,0.6039667,0.8624261
PersonalFinancialAdvisor55,0.62701976,0.8316183
PersonalFinancialAdvisor56,0.62582016,0.8481425
PersonalFinancialAdvisor57,0.58220214,0.91905427
PersonalFinancialAdvisor58,0.5614717,0.811032
PersonalFinancialAdvisor59,0.6155625,0.79259133
PersonalFinancialAdvisor60,0.5293732,0.84540653
PersonalFinancialAdvisor61,0.6194672,0.8216098
PersonalFinancialAdvisor62,0.6545426,0.8802716
PersonalFinancialAdvisor63,0.67096364,0.8412126
PersonalFinancialAdvisor64,0.65920126,0.827419
PersonalFinancialAdvisor65,0.59894055,0.8242889
PersonalFinancialAdvisor66,0.64109087,0.83827686
PersonalFinancialAdvisor67,0.6382848,0.83744127
PersonalFinancialAdvisor68,0.5687635,0.85136133
PersonalFinancialAdvisor69,0.54713297,0.7796062
PersonalFinancialAdvisor70,0.72305936,0.8354893
PersonalFinancialAdvisor71,0.5878176,0.8089873
PersonalFinancialAdvisor72,0.6476919,0.8586941
PersonalFinancialAdvisor73,0.62404704,0.85593146
PersonalFinancialAdvisor74,0.649284,0.8020066
PersonalFinancialAdvisor75,0.6113074,0.83284277
PersonalFinancialAdvisor76,0.61573374,0.8417475
PersonalFinancialAdvisor77,0.64656067,0.8260033
PersonalFinancialAdvisor78,0.61661685,0.76069206
PersonalFinancialAdvisor79,0.63641244,0.82064235
PersonalFinancialAdvisor80,0.61822224,0.823609
PersonalFinancialAdvisor81,0.6289325,0.8500117
PersonalFinancialAdvisor82,0.71593165,0.81432664
PersonalFinancialAdvisor83,0.628901,0.8506874
PersonalFinancialAdvisor84,0.7088708,0.81324035
PersonalFinancialAdvisor85,0.6279412,0.7817106
PersonalFinancialAdvisor86,0.7012636,0.8491204
PersonalFinancialAdvisor87,0.60493433,0.8248795
PersonalFinancialAdvisor88,0.6077402,0.8194569
PersonalFinancialAdvisor89,0.6051389,0.84087384
PersonalFinancialAdvisor90,0.783461,0.77978206
PersonalFinancialAdvisor91,0.6413514,0.8753728
PersonalFinancialAdvisor92,0.6541585,0.84750783
PersonalFinancialAdvisor93,0.6933032,0.87297094
PersonalFinancialAdvisor94,0.56068546,0.8222857
PersonalFinancialAdvisor95,0.6324379,0.836857
PersonalFinancialAdvisor96,0.6124526,0.85709167
PersonalFinancialAdvisor97,0.5979499,0.8461772
PersonalFinancialAdvisor98,0.5853032,0.8392363
PersonalFinancialAdvisor99,0.64071494,0.8049236
PersonalFinancialAdvisor100,0.6487133,0.81843704
RealEstateSalesAgent1,0.95183647,0.7425228
RealEstateSalesAgent2,0.66133666,0.8986874
RealEstateSalesAgent3,0.9510021,0.7449288
RealEstateSalesAgent4,0.90740687,0.755414
RealEstateSalesAgent5,0.68189734,0.8993938
RealEstateSalesAgent6,0.933811,0.75819206
RealEstateSalesAgent7,0.6527367,0.93235576
RealEstateSalesAgent8,0.6613877,0.9162936
RealEstateSalesAgent9,0.74173033,0.96107805
RealEstateSalesAgent10,0.90389514,0.74313825
RealEstateSalesAgent11,0.9444919,0.7551196
RealEstateSalesAgent12,0.91945654,0.74674016
RealEstateSalesAgent13,0.93626773,0.7461614
RealEstateSalesAgent14,0.931165,0.7543296
RealEstateSalesAgent15,0.9343425,0.74316996
RealEstateSalesAgent16,0.63775176,0.9095742
RealEstateSalesAgent17,0.6448658,0.89549357
RealEstateSalesAgent18,0.8749109,0.74842066
RealEstateSalesAgent19,0.9032352,0.74787045
RealEstateSalesAgent20,0.92709917,0.744331
RealEstateSalesAgent21,0.6646113,0.91537565
RealEstateSalesAgent22,0.632366,0.8953418
RealEstateSalesAgent23,0.9422752,0.7387684
RealEstateSalesAgent24,0.6533497,0.920338
RealEstateSalesAgent25,0.81518894,0.7617336
RealEstateSalesAgent26,0.6610908,0.91444427
RealEstateSalesAgent27,0.9421489,0.7495985
RealEstateSalesAgent28,0.87801826,0.7491931
RealEstateSalesAgent29,0.94366246,0.7493193
RealEstateSalesAgent30,0.95074314,0.75350535
RealEstateSalesAgent31,0.9383624,0.7550783
RealEstateSalesAgent32,0.73671865,0.96793497
RealEstateSalesAgent33,0.70088184,0.97303426
RealEstateSalesAgent34,0.91691136,0.74442554
RealEstateSalesAgent35,0.9055793,0.74714696
RealEstateSalesAgent36,0.9377802,0.75784475
RealEstateSalesAgent37,0.81739944,0.77724403
RealEstateSalesAgent38,0.6404659,0.9149058
RealEstateSalesAgent39,0.93858784,0.7460193
RealEstateSalesAgent40,0.6517919,0.88477796
RealEstateSalesAgent41,0.6530552,0.9094624
RealEstateSalesAgent42,0.9364689,0.76933837
RealEstateSalesAgent43,0.92722213,0.7383513
RealEstateSalesAgent44,0.935913,0.7459695
RealEstateSalesAgent45,0.6646043,0.9524859
RealEstateSalesAgent46,0.8843121,0.74562484
RealEstateSalesAgent47,0.9205598,0.74408644
RealEstateSalesAgent48,0.9154964,0.7739231
RealEstateSalesAgent49,0.6459482,0.89230686
RealEstateSalesAgent50,0.6511575,0.91189146
RealEstateSalesAgent51,0.6996407,0.9513629
RealEstateSalesAgent52,0.6604002,0.9084685
RealEstateSalesAgent53,0.9197248,0.68774647
RealEstateSalesAgent54,0.92565453,0.7381056
RealEstateSalesAgent55,0.93447757,0.74853253
RealEstateSalesAgent56,0.9509383,0.7492638
RealEstateSalesAgent57,0.92328995,0.7481598
RealEstateSalesAgent58,0.89723456,0.74445486
RealEstateSalesAgent59,0.66319466,0.88665384
RealEstateSalesAgent60,0.6458063,0.9074075
RealEstateSalesAgent61,0.93064743,0.7394085
RealEstateSalesAgent62,0.93984795,0.73993284
RealEstateSalesAgent63,0.6413856,0.9105148
RealEstateSalesAgent64,0.9353467,0.7482863
RealEstateSalesAgent65,0.92784417,0.7559264
RealEstateSalesAgent66,0.6500457,0.9013854
RealEstateSalesAgent67,0.6464417,0.9112059
RealEstateSalesAgent68,0.6448844,0.919447
RealEstateSalesAgent69,0.9186986,0.74136424
RealEstateSalesAgent70,0.93172795,0.7260793
RealEstateSalesAgent71,0.9250232,0.7534742
RealEstateSalesAgent72,0.68829453,0.94231755
RealEstateSalesAgent73,0.93656874,0.7289312
RealEstateSalesAgent74,0.8889954,0.75012296
RealEstateSalesAgent75,0.64415056,0.9082997
RealEstateSalesAgent76,0.91997004,0.7407161
RealEstateSalesAgent77,0.6653948,0.9259557
RealEstateSalesAgent78,0.93689466,0.7210241
RealEstateSalesAgent79,0.6509118,0.9070077
RealEstateSalesAgent80,0.7473382,0.97489005
RealEstateSalesAgent81,0.9020317,0.739044
RealEstateSalesAgent82,0.9477026,0.7829265
RealEstateSalesAgent83,0.9302138,0.74795717
RealEstateSalesAgent84,0.90578467,0.74582726
RealEstateSalesAgent85,0.9077883,0.750879
RealEstateSalesAgent86,0.641832,0.9146905
RealEstateSalesAgent87,0.89189786,0.7503984
RealEstateSalesAgent88,0.66900903,0.89607424
RealEstateSalesAgent89,0.65688854,0.89871985
RealEstateSalesAgent90,0.8264833,0.7668889
RealEstateSalesAgent91,0.6898874,0.91230834
RealEstateSalesAgent92,0.9550954,0.74468535
RealEstateSalesAgent93,0.6638914,0.9232436
RealEstateSalesAgent94,0.94486,0.7532642
RealEstateSalesAgent95,0.6512137,0.9187909
RealEstateSalesAgent96,0.9118693,0.7462569
RealEstateSalesAgent97,0.64925957,0.9298252
RealEstateSalesAgent98,0.67914414,0.8951886
RealEstateSalesAgent99,0.9498428,0.7330637
RealEstateSalesAgent100,0.92721593,0.75248003
SchoolBusDriver1,0.66939753,0.0006430333
SchoolBusDriver2,0.68782604,0.0029932507
SchoolBusDriver3,0.6731472,0.0016885222
SchoolBusDriver4,0.6645882,0.0
SchoolBusDriver5,0.700039,0.005938458
SchoolBusDriver6,0.6633137,0.0
SchoolBusDriver7,0.6673021,0.0
SchoolBusDriver8,0.6716466,0.0
SchoolBusDriver9,0.70208466,0.023302874
SchoolBusDriver10,0.66682005,0.005424227
SchoolBusDriver11,0.6406344,0.01023866
SchoolBusDriver12,0.6734472,0.0
SchoolBusDriver13,0.6685456,0.0
SchoolBusDriver14,0.6919353,0.008669429
SchoolBusDriver15,0.6658475,0.008688222
SchoolBusDriver16,0.6645925,0.0
SchoolBusDriver17,0.65149146,0.0
SchoolBusDriver18,0.6618504,0.009219447
SchoolBusDriver19,0.6697344,0.005832402
SchoolBusDriver20,0.7013955,0.0
SchoolBusDriver21,0.66580945,0.030713495
SchoolBusDriver22,0.6732985,0.0057557286
SchoolBusDriver23,0.67322254,0.013371793
SchoolBusDriver24,0.672515,0.00016981963
SchoolBusDriver25,0.6676969,0.016307358
SchoolBusDriver26,0.66175634,0.000699215
SchoolBusDriver27,0.6664464,0.0018297444
SchoolBusDriver28,0.66633874,0.002746986
SchoolBusDriver29,0.6495236,0.0
SchoolBusDriver30,0.703259,0.0
SchoolBusDriver31,0.6613192,0.0
SchoolBusDriver32,0.6364116,0.016852343
SchoolBusDriver33,0.6801025,0.041954894
SchoolBusDriver34,0.6654247,0.005428966
SchoolBusDriver35,0.67031425,0.008492387
SchoolBusDriver36,0.66274023,0.006872923
SchoolBusDriver37,0.6578356,0.0
SchoolBusDriver38,0.6604394,0.0
SchoolBusDriver39,0.67289305,0.004278239
SchoolBusDriver40,0.67233235,0.0074216016
SchoolBusDriver41,0.6722949,0.0
SchoolBusDriver42,0.62052035,0.028021187
SchoolBusDriver43,0.6792484,0.009410641
SchoolBusDriver44,0.6643532,0.0
SchoolBusDriver45,0.6815666,0.015615071
SchoolBusDriver46,0.6779168,0.0032567391
SchoolBusDriver47,0.67081213,0.0
SchoolBusDriver48,0.6600327,0.0
SchoolBusDriver49,0.6689958,0.0071495175
SchoolBusDriver50,0.67741966,0.0013888539
SchoolBusDriver51,0.63900787,0.02115882
SchoolBusDriver52,0.6819796,0.0
SchoolBusDriver53,0.6627896,0.005989083
SchoolBusDriver54,0.66986144,1.8073566e-05
SchoolBusDriver55,0.67307717,0.0
SchoolBusDriver56,0.66982985,0.0
SchoolBusDriver57,0.68834025,0.0026962624
SchoolBusDriver58,0.66128004,0.0011391903
SchoolBusDriver59,0.66127384,0.00700153
SchoolBusDriver60,0.6586662,0.012914299
SchoolBusDriver61,0.6712411,0.0065884525
SchoolBusDriver62,0.6823346,0.044908173
SchoolBusDriver63,0.6737681,0.0
SchoolBusDriver64,0.679207,0.0
SchoolBusDriver65,0.6741461,0.0007174193
SchoolBusDriver66,0.6964156,0.0
SchoolBusDriver67,0.65806973,0.009023939
SchoolBusDriver68,0.6523515,0.0
SchoolBusDriver69,0.6800979,0.0
SchoolBusDriver70,0.69883657,0.0027927093
SchoolBusDriver71,0.66939974,0.0
SchoolBusDriver72,0.6697677,0.0011769063
SchoolBusDriver73,0.67646664,0.012694115
SchoolBusDriver74,0.66255856,0.0
SchoolBusDriver75,0.7213637,0.0
SchoolBusDriver76,0.66714835,0.0119415615
SchoolBusDriver77,0.6644078,0.0
SchoolBusDriver78,0.68621653,0.0
SchoolBusDriver79,0.66633636,0.004483029
SchoolBusDriver80,0.70624006,0.023548517
SchoolBusDriver81,0.6655171,0.0018357907
SchoolBusDriver82,0.66782105,0.0
SchoolBusDriver83,0.6995362,0.028406287
SchoolBusDriver84,0.6751733,0.0033447212
SchoolBusDriver85,0.6747421,0.009536895
SchoolBusDriver86,0.65694994,0.0
SchoolBusDriver87,0.66181785,0.007736238
SchoolBusDriver88,0.6645674,0.008293774
SchoolBusDriver89,0.68793046,0.0
SchoolBusDriver90,0.6869931,3.268276e-06
SchoolBusDriver91,0.66399765,0.009814208
SchoolBusDriver92,0.6742231,0.0
SchoolBusDriver93,0.69624686,0.0
SchoolBusDriver94,0.6713871,0.0
SchoolBusDriver95,0.67314786,0.0014390873
SchoolBusDriver96,0.66787755,0.0
SchoolBusDriver97,0.6519798,0.0
SchoolBusDriver98,0.6756781,0.005783574
SchoolBusDriver99,0.67110586,0.032819998
SchoolBusDriver100,0.663235,0.0
SupervisorOfReepairers1,0.34490377,0.60881907
SupervisorOfReepairers2,0.38403314,0.5681898
SupervisorOfReepairers3,0.38760972,0.56776834
SupervisorOfReepairers4,0.36716497,0.6122134
SupervisorOfReepairers5,0.37500378,0.56950355
SupervisorOfReepairers6,0.39388314,0.5754135
SupervisorOfReepairers7,0.29117966,0.44830152
SupervisorOfReepairers8,0.38116753,0.5981977
SupervisorOfReepairers9,0.37990388,0.5817041
SupervisorOfReepairers10,0.36260965,0.57856333
SupervisorOfReepairers11,0.35620865,0.52191526
SupervisorOfReepairers12,0.3863406,0.5707742
SupervisorOfReepairers13,0.3947254,0.6884157
SupervisorOfReepairers14,0.37484106,0.648562
SupervisorOfReepairers15,0.29760063,0.5336178
SupervisorOfReepairers16,0.37601247,0.56949073
SupervisorOfReepairers17,0.32275987,0.6228466
SupervisorOfReepairers18,0.36973128,0.56857955
SupervisorOfReepairers19,0.3361154,0.59201497
SupervisorOfReepairers20,0.3686102,0.5516551
SupervisorOfReepairers21,0.34211907,0.59589154
SupervisorOfReepairers22,0.3050669,0.5993124
SupervisorOfReepairers23,0.34181368,0.55447114
SupervisorOfReepairers24,0.3070811,0.3598568
SupervisorOfReepairers25,0.3080875,0.55729705
SupervisorOfReepairers26,0.29691958,0.5149747
SupervisorOfReepairers27,0.3572163,0.5421492
SupervisorOfReepairers28,0.402791,0.23593366
SupervisorOfReepairers29,0.28144023,0.57082367
SupervisorOfReepairers30,0.3691746,0.5789066
SupervisorOfReepairers31,0.36161047,0.5951834
SupervisorOfReepairers32,0.37110522,0.5726038
SupervisorOfReepairers33,0.38826317,0.5635782
SupervisorOfReepairers34,0.3572971,0.5728396
SupervisorOfReepairers35,0.37128294,0.5784883
SupervisorOfReepairers36,0.33329475,0.583153
SupervisorOfReepairers37,0.37016702,0.5621375
SupervisorOfReepairers38,0.37239936,0.57434666
SupervisorOfReepairers39,0.3073237,0.5457033
SupervisorOfReepairers40,0.37209186,0.55642164
SupervisorOfReepairers41,0.37950826,0.59291756
SupervisorOfReepairers42,0.38619095,0.57175666
SupervisorOfReepairers43,0.31687787,0.55627656
SupervisorOfReepairers44,0.3868889,0.5986824
SupervisorOfReepairers45,0.3714901,0.57758373
SupervisorOfReepairers46,0.33717698,0.62374663
SupervisorOfReepairers47,0.3787434,0.5829695
SupervisorOfReepairers48,0.3705987,0.5653518
SupervisorOfReepairers49,0.36545897,0.5776919
SupervisorOfReepairers50,0.37333325,0.6148228
SupervisorOfReepairers51,0.26030403,0.58356696
SupervisorOfReepairers52,0.28647542,0.4845254
SupervisorOfReepairers53,0.3849146,0.6279862
SupervisorOfReepairers54,0.29337314,0.5083723
SupervisorOfReepairers55,0.3263889,0.45694384
SupervisorOfReepairers56,0.27066293,0.58863115
SupervisorOfReepairers57,0.34174725,0.5082758
SupervisorOfReepairers58,0.32954836,0.52340657
SupervisorOfReepairers59,0.36795136,0.5483509
SupervisorOfReepairers60,0.3050051,0.5841458
SupervisorOfReepairers61,0.37505752,0.5722743
SupervisorOfReepairers62,0.38661844,0.56035805
SupervisorOfReepairers63,0.3574873,0.57336223
SupervisorOfReepairers64,0.2558865,0.51178867
SupervisorOfReepairers65,0.3641776,0.5810421
SupervisorOfReepairers66,0.35474685,0.58193773
SupervisorOfReepairers67,0.37745625,0.5642876
SupervisorOfReepairers68,0.37517834,0.6872605
SupervisorOfReepairers69,0.38378853,0.56421834
SupervisorOfReepairers70,0.37256193,0.5714923
SupervisorOfReepairers71,0.38023114,0.56646585
SupervisorOfReepairers72,0.3785423,0.57566106
SupervisorOfReepairers73,0.42771158,0.63730407
SupervisorOfReepairers74,0.32984203,0.6440342
SupervisorOfReepairers75,0.37311605,0.58558834
SupervisorOfReepairers76,0.2850629,0.62436044
SupervisorOfReepairers77,0.28977433,0.59139717
SupervisorOfReepairers78,0.35718814,0.5512967
SupervisorOfReepairers79,0.3004345,0.5585336
SupervisorOfReepairers80,0.37074748,0.5820303
SupervisorOfReepairers81,0.3790492,0.56439847
SupervisorOfReepairers82,0.65321356,0.5065289
SupervisorOfReepairers83,0.28829914,0.49606177
SupervisorOfReepairers84,0.38000345,0.57764506
SupervisorOfReepairers85,0.37461627,0.56731015
SupervisorOfReepairers86,0.37148073,0.5693111
SupervisorOfReepairers87,0.32218066,0.56917745
SupervisorOfReepairers88,0.34022248,0.58293307
SupervisorOfReepairers89,0.3786471,0.64296246
SupervisorOfReepairers90,0.3837447,0.577173
SupervisorOfReepairers91,0.3818111,0.624908
SupervisorOfReepairers92,0.28875804,0.53214276
SupervisorOfReepairers93,0.34935135,0.52800536
SupervisorOfReepairers94,0.3778799,0.5781589
SupervisorOfReepairers95,0.39699137,0.6098419
SupervisorOfReepairers96,0.38290733,0.56116396
SupervisorOfReepairers97,0.38117757,0.57346123
SupervisorOfReepairers98,0.25873518,0.59616953
SupervisorOfReepairers99,0.36894125,0.5679134
SupervisorOfReepairers100,0.3784648,0.57157016
Surgeon1,0.36834353,0.18906324
Surgeon2,0.3014265,0.18272984
Surgeon3,0.29686928,0.18911335
Surgeon4,0.2959955,0.18510224
Surgeon5,0.33777058,0.2293234
Surgeon6,0.29532158,0.18350679
Surgeon7,0.29643878,0.18796493
Surgeon8,0.31052047,0.18304716
Surgeon9,0.29092008,0.18332167
Surgeon10,0.29826882,0.18557067
Surgeon11,0.29611558,0.18733233
Surgeon12,0.30739468,0.18982951
Surgeon13,0.3411738,0.17371397
Surgeon14,0.31698045,0.18974741
Surgeon15,0.3403811,0.21682437
Surgeon16,0.29958695,0.18620673
Surgeon17,0.33454132,0.18491428
Surgeon18,0.29203242,0.1864751
Surgeon19,0.30069318,0.1892785
Surgeon20,0.29782748,0.18528426
Surgeon21,0.29420656,0.18727992
Surgeon22,0.3037642,0.19387627
Surgeon23,0.2801547,0.18494055
Surgeon24,0.29302,0.1871148
Surgeon25,0.32621065,0.1825685
Surgeon26,0.29260573,0.185984
Surgeon27,0.31436288,0.1882822
Surgeon28,0.30181977,0.18329993
Surgeon29,0.2946468,0.18198375
Surgeon30,0.31700072,0.17326353
Surgeon31,0.32077685,0.18033075
Surgeon32,0.2839618,0.19270001
Surgeon33,0.29471198,0.18773298
Surgeon34,0.29928458,0.18553732
Surgeon35,0.29463035,0.21342051
Surgeon36,0.34585077,0.22985005
Surgeon37,0.29511407,0.19158116
Surgeon38,0.29826236,0.18465503
Surgeon39,0.29816872,0.18755132
Surgeon40,0.29650792,0.17586465
Surgeon41,0.32961294,0.18422584
Surgeon42,0.29268706,0.18381134
Surgeon43,0.3136096,0.18650426
Surgeon44,0.2929904,0.18269089
Surgeon45,0.2969887,0.17900117
Surgeon46,0.29945335,0.18619727
Surgeon47,0.30297673,0.18766838
Surgeon48,0.2738296,0.19577906
Surgeon49,0.30856338,0.14976357
Surgeon50,0.3023803,0.18157381
Surgeon51,0.30160472,0.18565801
Surgeon52,0.30176374,0.18030845
Surgeon53,0.3319013,0.18568686
Surgeon54,0.3280166,0.17839532
Surgeon55,0.29352507,0.17602187
Surgeon56,0.2979348,0.18298279
Surgeon57,0.28085175,0.20536073
Surgeon58,0.29524127,0.1890784
Surgeon59,0.3053297,0.18994579
Surgeon60,0.29282147,0.18175241
Surgeon61,0.32150987,0.20475271
Surgeon62,0.32049417,0.18335904
Surgeon63,0.29220134,0.17090687
Surgeon64,0.2972237,0.18428923
Surgeon65,0.30331287,0.12905827
Surgeon66,0.30504963,0.1820684
Surgeon67,0.29827294,0.14709097
Surgeon68,0.3401375,0.18593736
Surgeon69,0.19992603,0.13162774
Surgeon70,0.2838289,0.20179175
Surgeon71,0.29506654,0.18671827
Surgeon72,0.2898849,0.18893158
Surgeon73,0.33951792,0.17892595
Surgeon74,0.30506903,0.18266793
Surgeon75,0.30843297,0.18492293
Surgeon76,0.29840043,0.18485172
Surgeon77,0.2728054,0.1711167
Surgeon78,0.36013243,0.17193097
Surgeon79,0.2918335,0.1825636
Surgeon80,0.29087552,0.18569927
Surgeon81,0.29641438,0.18240193
Surgeon82,0.32849756,0.17884868
Surgeon83,0.3215786,0.18212043
Surgeon84,0.3133744,0.18031089
Surgeon85,0.32630482,0.18409091
Surgeon86,0.28212363,0.15187407
Surgeon87,0.28543136,0.21086064
Surgeon88,0.30124328,0.17963411
Surgeon89,0.29302165,0.18787582
Surgeon90,0.30916703,0.18513376
Surgeon91,0.30814308,0.18451203
Surgeon92,0.2930938,0.18524858
Surgeon93,0.29577488,0.18488939
Surgeon94,0.32460544,0.17030029
Surgeon95,0.29417437,0.18592498
Surgeon96,0.30054027,0.18439719
Surgeon97,0.32360962,0.18810944
Surgeon98,0.32765585,0.18260539
Surgeon99,0.29684138,0.20104776
Surgeon100,0.33777735,0.18514678
